<?xml version="1.0" encoding="UTF-8"?>
<beans xmlns="http://www.springframework.org/schema/beans"
	xmlns:xsi="http://www.w3.org/2001/XMLSchema-instance"
	xmlns:context="http://www.springframework.org/schema/context"
	xmlns:tx="http://www.springframework.org/schema/tx"
	xsi:schemaLocation="http://www.springframework.org/schema/beans https://www.springframework.org/schema/beans/spring-beans.xsd
		http://www.springframework.org/schema/context http://www.springframework.org/schema/context/spring-context-3.2.xsd
		http://www.springframework.org/schema/tx http://www.springframework.org/schema/tx/spring-tx-3.2.xsd">
	
	<!-- Root Context: defines shared resources visible to all other web components -->
	
	<context:component-scan base-package="edu.ssafy"></context:component-scan>
	<context:annotation-config></context:annotation-config>
	
	 <!-- datasource -->
   <context:property-placeholder location="classpath:/spring/database.properties"/>
   <bean id="dataSource"
         class="org.apache.commons.dbcp.BasicDataSource" destroy-method="close">
         <property name="driverClassName" value="${jdbc.driver}"></property>
         <property name="url" value="${jdbc.url}"></property>
         <property name="username" value="${jdbc.username}"></property>
         <property name="password" value="${jdbc.password}"></property>
   </bean>
	
	
	<!-- mybatis -->
   <bean id="sqlSessionFactory" class="org.mybatis.spring.SqlSessionFactoryBean">
       <property name="dataSource" ref="dataSource"/>
       <property name="configLocation" value="classpath:spring/mybatisConfig.xml"/>
    </bean>
   
   <bean id="sqlSession" class="org.mybatis.spring.SqlSessionTemplate">
      <constructor-arg ref="sqlSessionFactory"></constructor-arg>
   </bean>
   
    
   
   <!-- transaction -->
   <bean id="transactionManager" class="org.springframework.jdbc.datasource.DataSourceTransactionManager">
      <property name="dataSource" ref="dataSource"></property>
   </bean>   
   
   <tx:annotation-driven transaction-manager="transactionManager"/>
	
	
	
</beans>



<!--  JDTC templete 지워라....
	datasource  맨 먼저 볼 거!!!
 -->