<?xml version="1.0" encoding="UTF-8" ?>
<!DOCTYPE mapper
 PUBLIC "-//mybatis.org//DTD Mapper 3.0//EN"
 "http://mybatis.org/dtd/mybatis-3-mapper.dtd">
 
<mapper namespace="board">

	<insert id="insert" parameterType="boarddto">
		insert
		into board(num, title, content)
		values(#{num}, #{title}, #{content})
	</insert>
	
	<update id="update" parameterType="boarddto">
		update board
		set num=#{num}, title=#{title}, content=#{content}
	</update>
	
	<delete id="delete" parameterType="boarddto">
		delete from board where num=#{num}
	</delete>
	
	<select id="selectOne" parameterType="string" resultType="boardresult">
		select * from board where num=#{num}
	
	</select>
	
	<select id="selectList" resultType="boardresult">
		select num, title, content, id
		from board
	</select>
</mapper>