<?xml version="1.0" encoding="UTF-8"?>
<beans xmlns="http://www.springframework.org/schema/beans"
	xmlns:xsi="http://www.w3.org/2001/XMLSchema-instance"
	xmlns:mvc="http://www.springframework.org/schema/mvc"
	xmlns:context="http://www.springframework.org/schema/context"
	xsi:schemaLocation="http://www.springframework.org/schema/mvc http://www.springframework.org/schema/mvc/spring-mvc-3.1.xsd
		http://www.springframework.org/schema/beans https://www.springframework.org/schema/beans/spring-beans.xsd
		http://www.springframework.org/schema/context http://www.springframework.org/schema/context/spring-context-3.1.xsd">
	
	<!-- Root Context: defines shared resources visible to all other web components -->
	
	<!-- servlet-context에서 component-scan안하고 bean으로 설정하고 있음 -->
	<!-- <bean class="edu.ssafy.controller.HomeController"></bean> -->
	
	<!-- service, repo등 스프링 MVC 컨테이너에서 쓸 수 있는 것들 설정 -->
	<mvc:annotation-driven></mvc:annotation-driven>
	<context:annotation-config></context:annotation-config>
	
	<!-- datasource bean -->
	<bean class="org.apache.commons.dbcp.BasicDataSource" id="datasource" destroy-method="close">
		<property name="driverClassName" value="com.mysql.cj.jdbc.Driver"></property>
		<property name="url"
			value="jdbc:mysql://127.0.0.1:3306/springweb?serverTimezone=UTC&amp;useUniCode=yes&amp;characterEncoding=UTF-8"></property>
		<property name="username" value="ssafy"></property>
		<property name="password" value="ssafy"></property>
		<property name="maxActive" value="20"></property>
	</bean>
	
	<!-- datasourceFactory -->
	<bean class="org.mybatis.spring.SqlSessionFactoryBean" id="SqlSessionFactory">
		<property name="dataSource" ref="datasource"></property>
		<!-- Mybatis 설정파일(xml) 등록 *****************경로 : value 보깅***************에러코드는 404, 500 -->
		<property name="configLocation" value="classpath:/spring/SqlMapConfig.xml"></property>
	</bean>
	
	<!-- sqlsession -->
	<bean class="org.mybatis.spring.SqlSessionTemplate" id="sqlSession">
		<constructor-arg ref="SqlSessionFactory"></constructor-arg>
	</bean>
	<bean class="edu.ssafy.dto.BoardDto" />
</beans>
