<?xml version="1.0" encoding="UTF-8"?>
<beans xmlns="http://www.springframework.org/schema/beans"
	xmlns:xsi="http://www.w3.org/2001/XMLSchema-instance"
	xmlns:context="http://www.springframework.org/schema/context"
	xmlns:mvc="http://www.springframework.org/schema/mvc"
	xmlns:aop="http://www.springframework.org/schema/aop"
	xmlns:tx="http://www.springframework.org/schema/tx"
	xsi:schemaLocation="http://www.springframework.org/schema/mvc http://www.springframework.org/schema/mvc/spring-mvc-3.1.xsd
		http://www.springframework.org/schema/beans https://www.springframework.org/schema/beans/spring-beans.xsd
		http://www.springframework.org/schema/context http://www.springframework.org/schema/context/spring-context-3.1.xsd
		http://www.springframework.org/schema/aop http://www.springframework.org/schema/aop/spring-aop-3.1.xsd
		http://www.springframework.org/schema/tx http://www.springframework.org/schema/tx/spring-tx-3.1.xsd">
	
	<!-- Root Context: defines shared resources visible to all other web components -->
	<context:component-scan base-package="edu.ssafy"/>	
	
	<context:annotation-config/>
	
	<mvc:annotation-driven/>
	<bean id="multipartResolver"
			class="org.springframework.web.multipart.commons.CommonsMultipartResolver"></bean>
	
	<aop:aspectj-autoproxy/>
	
	<!-- mybatis -->
	<bean id="sqlSessionFactory" class="org.mybatis.spring.SqlSessionFactoryBean">
 		<property name="dataSource" ref="dataSource"/>
 		<property name="configLocation" value="classpath:spring/mybatisConfig.xml"/>
 		<property name="mapperLocations" >
 			<list>
 				<value>classpath:/spring/memberSqlMapper.xml</value>
 				<value>classpath:/spring/boardSqlMapper.xml</value>
 			</list>
 		</property>
 	</bean>
	
	<bean id="sqlSession" class="org.mybatis.spring.SqlSessionTemplate">
		<constructor-arg ref="sqlSessionFactory"></constructor-arg>
	</bean>
	
	<!-- datasource -->
	<context:property-placeholder location="classpath:/spring/database.properties"/>
	<bean id="dataSource"
			class="org.apache.commons.dbcp.BasicDataSource" destroy-method="close">
			<property name="driverClassName" value="${jdbc.driver}"></property>
			<property name="url" value="${jdbc.url}"></property>
			<property name="username" value="${jdbc.username}"></property>
			<property name="password" value="${jdbc.password}"></property>
	</bean>
	
	<!-- JDBCTelplate -->
	<bean id="jdbcTemplate" class="org.springframework.jdbc.core.JdbcTemplate">
		<property name="dataSource" ref="dataSource"></property>
	</bean>		
	
	<!-- transaction -->
	<bean id="transactionManager" class="org.springframework.jdbc.datasource.DataSourceTransactionManager">
		<property name="dataSource" ref="dataSource"></property>
	</bean>	
	
	<tx:annotation-driven transaction-manager="transactionManager"/>
	
	<!--
	<tx:advice id="txAdvice" transaction-manager="transactionManager">
		<tx:attributes>
			<tx:method name="get*" read-only="true"/>
			<tx:method name="*"/>
		</tx:attributes>
	</tx:advice>
 	
	<aop:config>
		<aop:pointcut expression="execution(* edu.ssafy.board.service.*Impl.insert(..))" id="txPointcut"/>
		<aop:advisor advice-ref="txAdvice" pointcut-ref="txPointcut"/>
	</aop:config>
 -->
 	
 	

 </beans>










