<?xml version="1.0" encoding="UTF-8" ?>
<!DOCTYPE mapper
  PUBLIC "-//mybatis.org//DTD Mapper 3.0//EN"
  "http://mybatis.org/dtd/mybatis-3-mapper.dtd">


<mapper namespace="bo">
	<select id="selectList" resultType="board">
		select * from board order by seq;
	</select>
	<select id="selectOne" parameterType="int"
		resultType="board">
		select * from board where seq = #{seq};
	</select>
	<insert id="insert" parameterType="board">
		insert into board(title, writer, content, regDate)
		values (#{title}, #{writer}, #{content}, now());
	</insert>
	<update id="update" parameterType="board">
		UPDATE board SET title=#{title}, content=#{content} where seq=#{seq};
	</update>
	<delete id="delete" parameterType="int">
		delete from board where seq=#{seq};
	</delete>
	<update id="updateCount" parameterType="int">
		UPDATE board SET count=count+1 WHERE seq = #{seq};
	</update>	
</mapper>
