<?xml version="1.0" encoding="UTF-8"?>
<!DOCTYPE mapper PUBLIC "-//mybatis.org//DTD Mapper 3.0//EN" 
"http://mybatis.org/dtd/mybatis-3-mapper.dtd">
<mapper namespace="com.ssafy.model.repository.CarRepository">

	<select id="selectAll" resultType="car">
		select * from car c join company cm on c.vcode = cm.vcode;
	</select>
	<insert id="insert" parameterType="car">
		INSERT INTO car VALUES (#{num}, #{model}, #{price}, #{vendor})
	</insert>
	<delete id="delete" parameterType="String">
		DELETE FROM car WHERE num = #{num}
	</delete>
	
	<select id="selectCode" parameterType="String">
		select vendor from company where vcode = #{vcode}
	</select>
	
	<select id="selectOne" parameterType="String">
		select * from car c join company cm on c.vcode = cm.vcode where c.num = #{num};
	</select>
</mapper>