<?xml version="1.0" encoding="UTF-8"?>
<beans xmlns="http://www.springframework.org/schema/beans"
	xmlns:xsi="http://www.w3.org/2001/XMLSchema-instance"
	xmlns:mvc="http://www.springframework.org/schema/mvc"
	xmlns:context="http://www.springframework.org/schema/context"
	xmlns:tx="http://www.springframework.org/schema/tx"
	xmlns:aop="http://www.springframework.org/schema/aop"
	xsi:schemaLocation="http://www.springframework.org/schema/mvc http://www.springframework.org/schema/mvc/spring-mvc-3.1.xsd
		http://www.springframework.org/schema/beans https://www.springframework.org/schema/beans/spring-beans.xsd
		http://www.springframework.org/schema/context http://www.springframework.org/schema/context/spring-context-3.1.xsd
		http://www.springframework.org/schema/aop http://www.springframework.org/schema/aop/spring-aop-4.3.xsd
		http://www.springframework.org/schema/tx http://www.springframework.org/schema/tx/spring-tx-4.3.xsd">

	<!-- Root Context: defines shared resources visible to all other web components -->
	<mvc:annotation-driven />
	<context:annotation-config />

	<!-- DataSource -->
	<context:property-placeholder
		location="classpath:spring/jdbc.properties" />
	<bean class="org.apache.commons.dbcp.BasicDataSource"
		id="datasource" destroy-method="close">
		<property name="driverClassName" value="${jdbc.driver}" />
		<property name="url" value="${jdbc.url}" />
		<property name="username" value="${jdbc.user}" />
		<property name="password" value="${jdbc.password}" />
		<property name="maxActive" value="${jdbc.maxPoolsize}" />
	</bean>

	<!-- MyBatis -->
	<bean class="org.mybatis.spring.SqlSessionFactoryBean"
		id="sqlSessionFactory">
		<property name="dataSource" ref="datasource" />
		<property name="configLocation"
			value="classpath:spring/MybatisConfig.xml" />
	</bean>

	<!-- SQL Session -->
	<bean class="org.mybatis.spring.SqlSessionTemplate">
		<constructor-arg ref="sqlSessionFactory" />
	</bean>

	<!-- transaction -->
	<bean id="transactionManager"
		class="org.springframework.jdbc.datasource.DataSourceTransactionManager">
		<property name="dataSource" ref="datasource" />
	</bean>

	<tx:annotation-driven
		transaction-manager="transactionManager" />
</beans>
