<?xml version="1.0" encoding="UTF-8" ?>
<!DOCTYPE mapper
  PUBLIC "-//mybatis.org//DTD Mapper 3.0//EN"
  "http://mybatis.org/dtd/mybatis-3-mapper.dtd">
<mapper namespace="sql.board">
	<select id="select" resultType="board" parameterType="board">
		select num, title, content, id
		from board
		where num = #{num}
	</select>
	<select id="selectAll" resultType="board">
		select num, title, content, id
		from board
	</select>

	<insert id="insert" parameterType="board">
		insert into board
		values (#{num}, #{title}, #{content}, #{id})
	</insert>

	<update id="update" parameterType="board">
		update board
		set title=#{title}, content=#{content}
		where num=#{num}
	</update>
	<delete id="delete" parameterType="board">
		delete from board
		where num = #{num}
	</delete>
</mapper>